Model,MAE,RMSE,MAPE
SARIMA,20274.530341887683,21061.496645078278,21.506989568587844
Prophet,20250.794412605526,22318.411332860545,21.864628273960825
XGBoost,17720.594791666666,19906.456395685123,18.00990998982615
